,fluxes
11OXPENT,0.0
23PDE2e,0.0
23PDE4e,0.0
23PDE7e,0.0
23PDE9e,0.0
24DCLPMO,0.0
24DHX5M6OI,0.0
25DBUT,0.0
2ABZMOx,0.0
2ABZMOy,0.0
2AMUCSAD,0.0
2CLRED,0.0
2DHGLCK,0.0
2K3DRHAM,0.0
2MBCOATA,0.028780477278672344
2OGLUAH,0.0
2OH3EDISO,0.0
2OXOADOX,0.0
33BIFLAV,0.0
34HPPOR,0.0
36AHDGALC,0.0
38BIFLAVS,0.0
38DPCLOR,0.0
3AIBUTS,0.0
3CLBZDH,0.0
3CTHPPT,0.0
3HBCOADH,0.0
3HCINNMH,0.0
3HPPPNH,0.0
3K5AHC,0.0
3MBZDH,0.0
3NTD2e,0.0
3NTD4e,0.0
3NTD7e,0.0
3NTD9e,0.0
3OAR100,0.0213277572693518
3OAR110,0.0008653978875549084
3OAR120,0.01725295612741035
3OAR121,0.004074801141941452
3OAR130,0.0008653978875549084
3OAR140,0.01725295612741035
3OAR141,0.004074801141941452
3OAR150,0.0008653978875549084
3OAR160,0.015865042814847866
3OAR161,0.004074801141941452
3OAR170,0.0
3OAR180,0.0
3OAR181,0.0
3OAR40,0.0
3OAR50,0.0008653978875549084
3OAR60,0.021352496882660593
3OAR70,0.0008653978875549084
3OAR80,0.021352496882660593
3OAR90,0.0008653978875549084
3OARai110,0.028780477278672344
3OARai130,0.028780477278672344
3OARai150,0.028780477278672344
3OARai170,0.013783172846004143
3OARai70,0.028780477278672344
3OARai90,0.028780477278672344
3OARi100,0.020630289871133224
3OARi110,0.01508156223916439
3OARi120,0.020630289871133224
3OARi130,0.01508156223916439
3OARi140,0.020630289871133224
3OARi150,0.01508156223916439
3OARi160,0.017597008837269855
3OARi170,0.006412955272211132
3OARi180,0.0
3OARi60,0.020630289871133224
3OARi70,0.01508156223916439
3OARi80,0.020630289871133224
3OARi90,0.01508156223916439
3OAS100,0.0213277572693518
3OAS110,0.0008653978875549084
3OAS120,0.01725295612741035
3OAS121,0.004074801141941452
3OAS130,0.0008653978875549084
3OAS140,0.01725295612741035
3OAS141,0.004074801141941452
3OAS150,0.0008653978875549084
3OAS160,0.015865042814847866
3OAS161,0.004074801141941452
3OAS170,0.0
3OAS180,0.0
3OAS181,0.0
3OAS50,0.0008653978875549084
3OAS60,0.02135249688266059
3OAS70,0.0008653978875549084
3OAS80,0.021352496882660593
3OAS90,0.0008653978875549084
3OASai110,0.028780477278672344
3OASai130,0.028780477278672344
3OASai150,0.028780477278672344
3OASai170,0.013783172846004143
3OASai70,0.028780477278672344
3OASai90,0.028780477278672344
3OASi100,0.020630289871133224
3OASi110,0.01508156223916439
3OASi120,0.020630289871133224
3OASi130,0.01508156223916439
3OASi140,0.020630289871133224
3OASi150,0.01508156223916439
3OASi160,0.017597008837269855
3OASi170,0.006412955272211132
3OASi180,0.0
3OASi60,0.020630289871133224
3OASi70,0.01508156223916439
3OASi80,0.020630289871133224
3OASi90,0.01508156223916439
3OCHOCDH,0.0
3OXCOADH,0.0
3OXCOAT,0.0
45DOPA,0.0
4HDAPMO,0.0
4HGLSD,0.0
4HPROOR,0.0
4HTHRS,0.0
4HXPUHBT,0.0
4HYBUT,0.0
4MBZDH,0.0
4NIPHOM,0.0
4PCP,0.0
4SBZADH,0.0
5OP3TCCL,0.0
6ADOFUT,0.0
6PHBG,0.0
AAAHYD,0.0
AACOATi,0.0
AAMYLe,0.0
AATA,0.0
AATC,0.0
ABPYRATA,0.0
ABTA,0.0
ABTDG,0.0
ABUTD,0.0
ACACT1r,0.0
ACACT2r,0.0
ACACT3r,0.0
ACACT4r,0.0
ACACT5r,0.0
ACACT6r,0.0
ACACT7r,0.0
ACACT8r,0.0
ACBIPGT,4.43629053675642e-06
ACCAHh,0.0
ACCOAC,0.49210421980161967
ACCOAC_1,0.0
ACCS,0.0
ACETDH,0.0
ACGAMK,0.0
ACGK,0.0
ACGS,0.0
ACHBS,0.05701269369146314
ACITRULD,0.0
ACKr,0.0
ACLS,0.2540208920063343
ACM6PH,0.0
ACNMS,0.0
ACOAD1f,0.0
ACOAD2f,0.0
ACOAD3f,0.0
ACOAD4f,0.0
ACOAD5f,0.0
ACOAD6f,0.0
ACOAD7f,0.0
ACOAD8f,0.0
ACOAD9,0.0
ACOADH1,0.0
ACOATA,0.0
ACODA,0.0
ACON6LAT,0.0
ACONMT,0.0
ACONTa,-9.229418251655762
ACONTb,-9.229418251655762
ACOTA,0.0
ACPS1,0.0
ACPSact,0.0
ACPScda,0.0
ACPSpdscpk,0.0
ACPSredL,0.0
ACPSredN,0.0
ACPSredQ,0.0
ACPpds,0.0
ACPpdsact,0.0
ACPpdscda,0.0
ACPpdsredL,0.0
ACPpdsredN,0.0
ACPpdsredQ,0.0
ACS,0.0
ACS2,0.0
ACTCOALIG,9.24504369382297
ACTS15,0.0
ADA,0.0
ADCL,0.01207297342359226
ADCPS1,0.0
ADCPS2,4.43629053675642e-06
ADCS,0.01207297342359226
ADCYRS,4.43629053675642e-06
ADK1,0.0
ADK2,0.0
ADK3,0.0
ADK4,0.0
ADNCYC,0.0
ADNK1,0.03399440909107257
ADOCBIK,0.0
ADOCBLS,4.43629053675642e-06
ADOXFUTS,0.0
ADPRDP,0.0
ADPT,0.0
ADPT2,0.0
ADSK,0.055385357725877216
ADSL1r,0.08816279176336905
ADSL2r,0.18778837069253548
ADSS,0.08816279176336905
AGDC,0.0
AGM4PCP,0.0
AGMDA,0.0
AGMT,0.0
AGPAT120,0.0
AGPAT140,0.0005874641508485382
AGPAT141,0.0
AGPAT150,0.00036628740879600076
AGPAT160,0.006715464202478755
AGPAT161,0.0017249445385473005
AGPAT170,0.0
AGPAT180,0.0
AGPAT181,0.0
AGPATai150,0.006348006546370306
AGPATai170,0.005834267976205948
AGPATi140,0.0012837613017546738
AGPATi150,0.0036693104481784673
AGPATi160,0.007448624143726981
AGPATi170,0.0027143886412214816
AGPATi180,0.0
AGPR,0.0
AHCi,0.011093675599167876
AHMMPS_3,1.3197464066124276e-05
AHOPS,0.0
AHSERL2,0.0
AICART,0.21140396145772172
AIRCr,0.18778837069253548
AKGDH,1.0483114376569347e-11
AKP1,0.0
ALAALAD,0.0
ALAALAr,0.07018675281133846
ALAD_L,10.252573221986518
ALAR,0.12191168402150852
ALATA_D2,0.0
ALATA_L,0.0
ALATA_L2,0.0
ALATRS,0.0
ALBFLOLR,0.0
ALBFLOLS,0.0
ALBFLONR,0.0
ALBFLONS,0.0
ALCD19,0.0
ALCD19y,0.0
ALCD2s,0.0
ALCD2x,0.0
ALCD2y,0.0
ALDD1,0.0
ALDD19xr,0.0
ALDD2x,0.0
ALDH,0.0
ALLTAMH2,0.0
ALLTN,0.0
ALPHNH,0.0
AM4PCP,0.0
AMALT1,0.0
AMALT2,0.0
AMALT3,0.0
AMALT4,0.0
AMAOTr,9.646348596502983e-06
AMBACS,0.0
AMID,0.0
AMID3,0.0
AMID5,0.0
AMMQLT9,0.008012098224670345
AMMQT9,0.0
AMPTASECG,0.0
AMPTASEPG,0.0
ANPRT,0.015236620008063674
ANS,0.0
ANTDIOx,0.0
ANTDIOy,0.0
AOXSr2,9.646348596502983e-06
APAT2r,0.0
APATT,0.0
APATc,0.0
APATr,0.0
APCS,0.0
APH120,0.0
APH140,0.0
APH141,0.0
APH150,0.0
APH160,0.0
APH161,0.0
APH170,0.0
APH180,0.0
APH181,0.0
APHai150,0.0
APHai170,0.0
APHi140,0.0
APHi150,0.0
APHi160,0.0
APHi170,0.0
APHi180,0.0
APRAUR,0.003781435822024904
ARAT,0.0
ARGDr,0.0
ARGSL,0.08421684784026899
ARGSS,0.08421684784026899
ARGTRS,0.0
ASAD,-0.2220695048862215
ASCISOs,0.0
ASP1DC,0.0018061011896666201
ASPCT,0.17072562504196612
ASPK,0.2220695048862215
ASPO,0.00035601673325830717
ASPO1,0.0
ASPO3,0.0
ASPO5,0.0
ASPO6,9.646348596502983e-06
ASPO6_2,0.0
ASPT,-0.8381696662167608
ASPTA,0.0
ASPTRS,0.0
ASR,0.0
ATAH,0.0
ATNS_nh4,0.015236620008063674
ATPPRT,0.023615590765186247
BACCL,0.0
BACCL2,0.0
BCOADH,0.0
BCOATA,0.02135249688266059
BDH,0.0
BETALDHx,0.0
BETALDHy,0.0
BFBP,0.5470039148287003
BGLA,0.0
BMMCOAL,0.0
BMOCOS,0.0
BMOGDS1,0.0
BMOGDS2,0.0
BPNT,0.055385357725877216
BSUZCOAD,0.0
BTNC,0.0
BTS5,9.646348596502983e-06
BUPN,0.0
BUTCOAL,0.0
BWCOGDS1,0.0
BWCOGDS2,0.0
BWCOS,0.0
BZDH,0.0
C7AHXDH,0.0
CADHX,0.0
CARBMODH,1.3197464066124276e-05
CARNMOx,0.0
CARNMOy,0.0
CARNOX,0.0
CAT,0.0
CBIAT,0.0
CBLAT,0.0
CBPS,0.0
CCCR,0.0
CDAS17,0.0
CDAS3,0.0
CDAS5x,0.0
CDAS5y,0.0
CDAS6,0.0
CDAS7,0.0
CDAS9x,0.0
CDAS9y,0.0
CDPMEK,0.16079731530263092
CHO43OR,0.0
CHOLD,0.0
CHOLD2,0.0
CHOLOX,0.0
CHORDH,0.0
CHORM,0.04691670974695338
CHORS,0.09025049962795001
CIGAMS,0.0028415360117188793
CINNDOX,0.0
CITCIa2,0.05701269369146314
CITCIb,0.05701269369146314
CITL,9.229418251655762
CITMS,0.05701269369146314
CLADHAL,0.0
CLPNS120,0.0
CLPNS140,-5.734211830991714e-05
CLPNS141,0.0
CLPNS150,-3.569254302964223e-05
CLPNS160,-0.000652998000345586
CLPNS161,-0.00016793048933618564
CLPNS170,0.0
CLPNS180,0.0
CLPNS181,0.0
CLPNSII120,0.0
CLPNSII140,0.00011468423661983428
CLPNSII141,0.0
CLPNSII150,7.138508605928446e-05
CLPNSII160,0.001305996000691172
CLPNSII161,0.0003358609786723713
CLPNSII170,0.0
CLPNSII180,0.0
CLPNSII181,0.0
CLPNSIIai150,0.0012346109146318875
CLPNSIIai170,0.0011351398930738682
CLPNSIIi140,0.0002492626775512721
CLPNSIIi150,0.0007138508605928448
CLPNSIIi160,0.001448766172809741
CLPNSIIi170,0.0005277815379137263
CLPNSIIi180,0.0
CLPNSai150,-0.0006173054573159438
CLPNSai170,-0.0005675699465369341
CLPNSi140,-0.00012463133877563604
CLPNSi150,-0.0003569254302964224
CLPNSi160,-0.0007243830864048704
CLPNSi170,-0.00026389076895686316
CLPNSi180,0.0
CMCMSAD,0.0
CMLDC,0.0
CMPA,0.0
COCHL,4.43629053675642e-06
CPC6R,0.0
CPC8MM,0.0
CPMPS,1.7061620691825216e-05
CPPPGO2,7.434639688343235e-05
CREATDA,0.0
CS,0.0
CSND,0.0
CTECOAI6,0.0
CTECOAI7,0.0
CTECOAI8,0.0
CTPGNAC,0.0
CTPS1,0.13351936711367332
CTPS2,0.0
CUMALDH,0.0
CYANST,0.0
CYCHEXDH,0.0
CYCHEXMO,0.0
CYCHEX_2,0.0
CYCOADH,0.0
CYO1ab,0.0
CYO2b,50.549292023168775
CYRDAAT,4.43629053675642e-06
CYRDAS,0.0
CYSBLY,0.0
CYSDS,0.0
CYSS,0.012779469864952549
CYSTGL,0.0
CYSTL,0.0
CYSTRS,0.0
CYSTS,0.0
CYT5MONP,0.0
CYTD,0.012521646243185967
CYTDK1,0.0
CYTDK2,-0.012521646243185967
CYTK1,0.32435576067951344
CYTK2,0.0
D5KGK,0.0
DABAACT,0.0
DABAAT,0.0
DADA,0.0
DADK,0.0
DAPDC,0.033656897829640195
DAPE,0.10384365064097865
DARGO,0.0
DASYN120,0.0
DASYN140,0.00033469073135992424
DASYN141,0.0
DASYN150,0.0002088891452718407
DASYN160,0.003826123588046404
DASYN161,0.0009830077424557208
DASYN170,0.0
DASYN180,0.0
DASYN181,0.0
DASYNai150,0.00361664931911834
DASYNai170,0.003324087491006518
DASYNi140,0.0007308194466233306
DASYNi150,0.0020906468236870776
DASYNi160,0.004243901878590086
DASYNi170,0.0015464818233990895
DASYNi180,0.0
DB4PS,0.007562871644049808
DBTS,9.646348596502983e-06
DCH,0.0
DCPEPFU,0.0
DCTPD,0.0
DCTPD2,0.0
DCYCHEX,0.0
DCYTD,0.0
DDALLO,0.0
DDGALK,0.0
DDGLK,0.0
DDPA,0.09025049962795001
DDPGA,0.0
DGI,0.0
DGK1,0.0
DGLYHRED,0.0
DHACOAH,0.0
DHAD1,0.2540208920063343
DHAD2,0.05701269369146314
DHAPT,0.0
DHDPRy,0.0
DHDPS,0.10384365064097865
DHFS,0.01207297342359226
DHICONF,0.0
DHNANT4,0.016024196449340694
DHNAS,0.0
DHNPA2r,0.01207297342359226
DHNPTE,0.0
DHORD4,0.0
DHORD5,0.17072562504196612
DHORTS,-0.17072562504196612
DHPD,0.0
DHPPDA2,0.003781435822024904
DHPS,0.01207297342359226
DHPS2,0.0
DHQS,0.09025049962795001
DHQTi,0.09025049962795001
DHYDTHYM,0.0
DIFRNLY,0.0
DIOP5OR,0.0
DMATT,0.01757093514202486
DMETMO,0.0
DMPPS,0.01757093514202486
DNADDP,0.0
DORNO,0.0
DPCOAK,0.0018061011896666201
DPCOX,0.0
DPMSYN,0.0
DPROLORED,0.0
DRBK,0.0
DRIB2FUR,0.0
DRIBPA,0.0
DRPA,-0.012521646243185967
DTARTD,0.0
DTDPG4E,0.0
DTMPK,0.012521646243185967
DURIPP,-0.012521646243185967
DUTPDP,0.0
DX5PGLYCPL,0.0
DXFUTOR,0.0
DXPRIi,0.16079731530263092
DXPS,0.16081051276669703
DXYLK,0.0
E4PD,0.0
EAR100x,0.0
EAR100y,0.01725295612741035
EAR110x,0.0008653978875549084
EAR110y,0.0
EAR120x,0.01725295612741035
EAR120y,0.0
EAR121x,0.004074801141941452
EAR121y,0.0
EAR130x,0.0008653978875549084
EAR130y,0.0
EAR140x,0.01725295612741035
EAR140y,0.0
EAR141x,0.004074801141941452
EAR141y,0.0
EAR150x,0.0008653978875547686
EAR150y,0.0
EAR160x,0.015865042814847866
EAR160y,0.0
EAR161x,0.004074801141941452
EAR161y,0.0
EAR170x,0.0
EAR170y,0.0
EAR180x,0.0
EAR180y,0.0
EAR181x,0.0
EAR181y,0.0
EAR40x,0.0
EAR40y,0.0
EAR50x,0.0008653978875549084
EAR50y,0.0
EAR60x,0.0
EAR60y,0.021352496882660593
EAR70x,0.0
EAR70y,0.0008653978875549084
EAR80x,0.021352496882660593
EAR80y,0.0
EAR90x,0.0008653978875549084
EAR90y,0.0
EARai110x,0.028780477278672344
EARai110y,0.0
EARai130x,0.028780477278672344
EARai130y,0.0
EARai150x,0.028780477278672344
EARai150y,0.0
EARai170x,0.013783172846004143
EARai170y,0.0
EARai70x,0.028780477278672344
EARai70y,0.0
EARai90x,0.028780477278672344
EARai90y,0.0
EARi100x,0.020630289871133224
EARi100y,0.0
EARi110x,0.01508156223916439
EARi110y,0.0
EARi120x,0.020630289871133224
EARi120y,0.0
EARi130x,0.01508156223916439
EARi130y,0.0
EARi140x,0.020630289871133224
EARi140y,0.0
EARi150x,0.01508156223916439
EARi150y,0.0
EARi160x,0.017597008837269855
EARi160y,0.0
EARi170x,0.006412955272211132
EARi170y,0.0
EARi180x,0.0
EARi180y,0.0
EARi60x,0.0
EARi60y,0.020630289871133224
EARi70x,0.0
EARi70y,0.01508156223916439
EARi80x,0.020630289871133224
EARi80y,0.0
EARi90x,0.01508156223916439
EARi90y,0.0
ECOAH1,0.0
ECOAH12,0.0
ECOAH2,0.0
ECOAH3,0.0
ECOAH4,0.0
ECOAH5,0.0
ECOAH6,0.0
ECOAH7,0.0
ECOAH8,0.0
ECOAH9ir,0.0
ECTH,0.0
ECTS,0.0
EDA,0.0
EGMEACPR,9.646348596502983e-06
EHGLAT,0.0
EIZOO,0.0
EMCCCM,0.0
EME,0.0
EN6LNOR,0.0
ENO,-15.657074583362204
EPIZSYN,0.0
EPMEACPR,9.646348596502983e-06
ERTHMMOR,-0.05701269369146314
FACOAE100,0.0
FACOAE120,0.0
FACOAE140,0.0
FACOAE141,0.0
FACOAE160,0.0
FACOAE161,0.0
FACOAE180,0.0
FACOAE181,0.0
FACOAE60,0.0
FACOAE80,0.0
FACOAL100,0.0
FACOAL120,0.0
FACOAL140,0.0
FACOAL141,0.0
FACOAL160,0.0
FACOAL161,0.0
FACOAL180,0.0
FACOAL181,0.0
FACOAL60,0.0
FACOAL80,0.0
FADRx2,0.0
FALDH2,0.0
FALDH3,0.0
FANH,0.0
FARNDPPS,0.0
FBA,-0.20432711166136178
FBA2,0.0
FBA3,-0.11102273558304487
FBA_1,-0.5470039148287003
FBP,0.20432711166136178
FCLPA,0.0
FCLT,7.434639688343235e-05
FEROXCYC,0.0
FEROXG1S,0.0
FKYNH,0.0
FLVR,0.0
FMETTRS,0.0
FMNAT,9.222133945740844e-05
FMNRx,0.012534103408802236
FMNRx2,0.0
FORGLUIH,0.0
FRD8,0.0
FRTT,0.016024196449340694
FRU6PE4P,0.0
FRUK,0.0
FTHFCL_1,0.0
FTHFD,0.0
FUM,-0.49164307810344854
FUMAC,0.0
FUMAH,0.0
FUTH,0.0
G1Dx,0.0
G1PACT,0.20432711166136178
G1SAT,0.0
G3PD,0.0
G3PD2,-0.19543598216794664
G3PD5,0.0
G3PD6,0.0
G5SAT,0.0
G5SD,0.18259836915039995
G6PBDH,0.0
G6PDA,0.0
G6PDH1b,-2.1730334367954307
G6PDH2r,2.1730334367954307
G6PI,0.34573511590824213
GABTA,0.0
GADECARB,0.0
GALKr,0.0
GALM1,0.0
GALM2,0.0
GALT,0.0
GALUi,-1.0846245162620365
GAPD,-2.2874963151678624
GARFT,0.1878015681566016
GCCc,0.0
GCGBGE,0.0
GCGUAIDH,0.0
GCL,0.0
GDPDPK,0.0
GDPTPDP,0.0
GEOSMS,0.0
GERDH,0.0
GF4GL_0,0.0
GF4GL_1,0.0
GF6PTA,0.20432711166136178
GGGABADH,0.0
GGHCSH,0.0
GGLACOX,0.0
GGLUPUT,0.0
GGTT,0.016024196449340694
GHMT2r,2.6035529022649158
GK1i,0.12324560598488943
GK2i,0.0
GLBRAN2,0.0
GLCATr,0.0
GLCP,0.0
GLCP2,0.0
GLDBRAN2,0.0
GLNS,0.6429226777025053
GLNTRS,0.0
GLU5K,0.18259836915039995
GLUAAT,0.0
GLUDC,0.0
GLUDxi,0.0
GLUDyi,0.0
GLUKB,0.0
GLUN,0.0
GLUPRT,0.1878015681566016
GLUR,0.0
GLUSx,0.0
GLUSy,0.0
GLUTCOADHc,0.0
GLUTPAT,0.0
GLUTRR,0.0
GLUTRS,0.0
GLXCL,-10.676748584620762
GLYALDDr,0.0
GLYAT,0.0
GLYCDx,0.0
GLYCK,0.0
GLYCK2,0.0
GLYCL,-2.1273671350144063
GLYCTD,0.0
GLYCTO1,0.0
GLYCTO2,0.0
GLYCTO3,0.0
GLYDHD,0.0
GLYK,0.0
GLYO1,0.0
GLYOX,0.0
GLYTRS,0.0
GMAND,0.0
GMGGDCAP,0.0
GMPS,0.0
GMPS2,0.0
GND,0.0
GND2,0.0
GNK,0.0
GPDDA1,0.0
GPDDA1e,0.0
GPDDA2,0.0
GPDDA2e,0.0
GPDDA3,0.0
GPDDA3e,0.0
GPDDA4,0.0
GPDDA4e,0.0
GPDDA5,0.0
GPDDA5e,0.0
GRMCRDS,0.0
GRMCROS,0.0
GRTT,0.01757093514202486
GSMNSYN,0.0
GTHPi,0.0
GTHRDH,0.0
GTPCI,0.01207297342359226
GTPCII2,0.003781435822024904
GTPCIII2,0.0
GTPDPDP,0.0
GTPDPK,0.0
GUACYC,0.0
GUAPRT,0.12324116969435267
GUDBUTNAH,0.0
GUL14LACDH,0.0
GUL5DH,0.0
HACD1,0.0
HACD2,0.0
HACD3,0.0
HACD4,0.0
HACD5,0.0
HACD6,0.0
HACD7,0.0
HACD8,0.0
HACD9,0.0
HADPCOADH3,0.0
HBADAS,4.43629053675642e-06
HBCOA3E,0.0
HBCO_nadp,0.0
HBZOPT,0.0
HCO3E,0.49210421980161967
HCSUCT,0.0
HCYSMT,0.0
HDXSQLS,0.0
HEMEAS,5.4322295120146826e-05
HEMEOS,5.4322295120146826e-05
HEPTT,0.016024196449340694
HERCOX,0.0
HEX1,0.0
HEX7,0.0
HEXHYD,0.0
HEXTT,0.016024196449340694
HGNTOR,0.0
HISNH4L,0.0
HISTD,0.023615590765186247
HISTDa,0.0
HISTDb,0.0
HISTP,0.023615590765186247
HISTRS,0.0
HKYNH,0.0
HMBS,0.0015970030382236764
HMGL,0.0
HMPK1,0.0
HMPK2,0.0
HMPK3,0.0
HMPK4,0.0
HMSD,0.0
HOPNTAL3,0.0
HOXPR2,0.0
HPHL,0.0
HPPK2,0.0
HPROb,0.0
HPYRI,10.676748584620762
HPYRRx,0.0
HPYRRy,0.0
HSDxi,-0.11822585424524285
HSDy,0.0
HSK,0.07561996638431819
HSTPT,0.023615590765186247
HURH,0.0
HXAND,0.12324116969435267
HXPRT,-0.12324116969435267
I3PYRMO,0.0
IACGAMS2,0.0028415360117188793
IBCOAQ9R,0.0
IBCOATA,0.020630289871133224
IBTMr,0.02135249688266059
ICDHyr,-9.229418251655762
ICL,0.0
ICYSDS,4.732070544977471e-05
IDPS2,0.0
IG3PS,0.023615590765186247
IGAMD,0.0028415360117188793
IGPDH,0.023615590765186247
IGPS,0.015236620008063674
ILEDHr,0.0
ILETA,0.028232216412790792
ILETRS,0.0
IMPC,-0.21140396145772172
IMPD,0.0
INS2D,0.0
INSDH,0.0
IPDDI,0.0
IPDPS,0.14322638016060604
IPMD,0.12433000009268083
IPPMIa,-0.12433000009268083
IPPMIb,-0.12433000009268083
IPPS,0.12433000009268083
ITPOCL,0.0
IVCOATA,0.01508156223916439
IZPN,0.0
KARA1,-0.2540208920063343
KARA1i,0.0
KARA2,0.05701269369146314
KARI,0.0
KARI_23dhmb,0.0
KARI_23dhmp,0.0
KARI_3hmoa,0.0
KAS14,0.0
KYN,0.0
LACDHCYT,0.0
LALDD2,0.0
LAURAT,0.0
LCYB,0.0
LCYG,0.0
LDH_D,0.0
LEUTA,0.0
LEUTRS,0.0
LFORKYNHYD,0.0
LHISTMT,0.0
LIPAMPL,0.0
LIPATPT,0.0
LIPOCT,2.4739613308791863e-05
LIPOS,2.4739613308791863e-05
LLEUDr,-0.10924843785351644
LPFPLT,0.0
LYS6MO,0.0
LYSDC,0.013236082227435036
LYSTRS,0.0
L_LACD4,0.0
MACCOAT,0.0
MACPD,0.0
MALEI,0.0
MALPYRISO,0.0
MALS,0.0
MALT,0.0
MALTATr,0.0
MALTHIK,-25.647719557879697
MAN1PPP,0.0
MAN1PT,0.0
MAN6PI,0.0
MBCOA2,0.0
MBCOA3,0.0
MBCOAi,0.0
MCCC,0.0
MCOALY,-25.807810518564462
MCPST,0.0
MCPST2,0.0
MCSNAH,0.0
MCTP1A,0.017633286503955715
MCTP1B,0.0
MCTP2A,0.0
MDDCP1,0.017633286503955715
MDDCP2,0.0
MDDCP3,0.017460089901713518
MDDCP4,0.017460089901713518
MDDCP5,0.0
MDDEP1,0.0
MDDEP2,0.0
MDDEP3,0.0
MDDEP4,0.0
MDH,-7.419634508273299
ME1,9.224375472161176
ME2,8.672157460026535
MECDPDH2,0.16079731530263092
MECDPDH5_2,0.0
MECDPS,0.16079731530263092
MEPCT,0.16079731530263092
METAT,0.03745669459794794
METB1,0.0
METS,0.05369956346009254
METSOXR1,0.0
METSOXR2,0.0
METTRS,0.0
MGCH,0.0
MGLYXOX,0.0
MGSDGS,0.0
MHPGLUT,0.0
MI1PP,0.0009906143499866281
MI1PS,0.0009906143499866281
MI1PS2,0.0028415360117188793
MI3PP,0.0
MLTG1,0.0
MLTG1e,0.0
MLTG2,0.0
MLTG2e,0.0
MLTG3,0.0
MLTG3e,0.0
MLTG4,0.0
MLTG4e,0.0
MLTG5,0.05128199260240876
MLTG5e,0.0
MLTP1,0.0
MLTP2,0.0
MLTP3,-0.05128199260240876
MMCOAL,0.0
MME,0.0
MMM,0.0008653978875549084
MMSAD1,0.0
MMSAD3,0.0
MMSAD5,-0.0008653978875549084
MMTSAO,0.0008653978875549084
MMYSYN1,0.0
MNNH,0.0
MOADSUx,3.412324138365043e-05
MOCOS,1.7061620691825216e-05
MOGDS,1.7061620691825216e-05
MOHMT,0.0018061011896666201
MPML,0.0
MPTAT,1.7061620691825216e-05
MPTG,0.03509337640566923
MPTG2,0.0
MPTS,1.7061620691825216e-05
MPTSS,3.412324138365043e-05
MSHS,0.0028415360117188793
MSUCOADH,0.0
MTAM_nh4,0.0
MTAP,0.0
MTBUTEMO,0.0
MTHFC,0.40213126492017276
MTHFD,0.40213126492017276
MTHFR2,0.0
MTHFR3_1,0.05670815227566327
MTI,0.0
MTRI,0.0
MYCARSL,0.0
MYCFORM,0.0
NABTNO,0.0
NADDP,0.0
NADH10b,0.0
NADH2r,0.0
NADHXDH,0.0
NADHXE,0.0
NADK,0.0
NADPHQR4,0.0
NADPHXD,0.0
NADPHXE,0.0
NADS1,0.0
NADS2,0.0
NAMNPP,0.0
NCTPPRT,0.0
NDPK1,0.24572930385008454
NDPK2,-0.70957002418774
NDPK3,0.3158129552986482
NDPK4,0.012521646243185967
NDPK5,0.008542805380865194
NDPK6,0.0
NDPK7,0.008542805380865194
NDPK8,0.012521646243185967
NDPK9,0.0
NICMO,0.0
NMNAT,0.007884365730509657
NMNDA,0.0
NMNHYD,0.007884365730509657
NNAM,-0.007884365730509657
NNATr,0.0
NNDMBRT,4.43629053675642e-06
NNDPR,0.007884365730509657
NODOx,0.0
NODOy,0.0
NOR_syn,0.0
NP1,0.0
NSHDDS,0.0
NT5C,0.007879929439972901
NTD10e,0.0
NTD11e,0.0
NTD12e,0.0
NTD1e,0.0
NTD2e,0.0
NTD3e,0.0
NTD4e,0.0
NTD5e,0.0
NTD6e,0.0
NTD7e,0.0
NTD8e,0.0
NTD9e,0.0
NTP10,0.0
NTP3,0.0
NTP5,0.0
NTPP1,0.0
NTPP10,0.0
NTPP11,0.0
NTPP2,0.0
NTPP3,0.0
NTPP4,0.0
NTPP5,0.0
NTPP6,0.0
NTPP7,0.0
NTPP8,0.0
NTPP9,0.0
NTPTP1,0.0
NTPTP2,0.0
O426ISO,0.0
OAADC,0.0
OCT,0.08421684784026899
OCTNLL,0.0
OCTSYN,0.0
OCTTT,0.016024196449340694
OGMEACPR,9.646348596502983e-06
OGMEACPS2,9.646348596502983e-06
OHCUS,0.0
OHPBAT,0.0
OIVD1r,0.0
OIVD2,0.0
OIVD3,0.0
OMCDC,0.12433000009268083
OMPDC,0.17072562504196612
OPHBDC,0.0
OPMEACPR,9.646348596502983e-06
OPMEACPS,9.646348596502983e-06
ORNTA,-0.11549638825467251
ORNTAC,0.0
ORPT,-0.17072562504196612
OXDHCOAT,0.0
OXOAEL,0.0
OXPTNDH,0.0
P2OLDH,0.0
P5CD,0.0
P5CR,0.0
PAAT,0.0
PACCOAE,0.0
PACCOAL,0.0
PACPTc,0.0
PANTS,0.0018061011896666201
PAPPT3,0.07018675281133846
PAPSR,0.055385357725877216
PAPSR3,0.0
PC,0.0
PC11M,4.43629053675642e-06
PC6AR,4.43629053675642e-06
PC6AS,4.43629053675642e-06
PC6YM,4.43629053675642e-06
PC8XM,4.43629053675642e-06
PCFO,0.0
PCOATA,0.0008653978875549084
PCPpdsredO,0.0
PDH3,0.0
PDH4,0.0
PDHe3hr,0.0
PDX5POi,0.0
PENAM,0.0
PEPCK,0.0
PFK,0.0
PFK_2,0.0
PFK_3,0.0
PGAMT,-0.20432711166136178
PGCD,13.369578268194342
PGI,0.0
PGIA,-0.34573511590824213
PGK,2.2874963151678624
PGL,0.0
PGLYCP,0.0
PGM,15.657074583362204
PGMT,0.943122307106504
PGSA120,0.0
PGSA140,0.0
PGSA141,0.0
PGSA150,0.0
PGSA160,0.0
PGSA161,0.0
PGSA170,0.0
PGSA180,0.0
PGSA181,0.0
PGSAai150,0.0
PGSAai170,0.0
PGSAi140,0.0
PGSAi150,0.0
PGSAi160,0.0
PGSAi170,0.0
PGSAi180,0.0
PHACTE,0.0
PHCD,0.0
PHETA1,-0.026786960981918396
PHETRS,0.0
PHYFLUDS,0.0
PHYSYN,0.0
PHYTDES,0.0
PHYTES,0.0
PINOS120,0.0
PINOS140,1.579833871803837e-05
PINOS141,0.0
PINOS150,9.947102155801938e-06
PINOS160,0.00018138833342932944
PINOS161,4.6809892497891474e-05
PINOS170,0.0
PINOS180,0.0
PINOS181,0.0
PINOSai150,0.00017144123127352752
PINOSai170,0.00015739826352416007
PINOSi140,3.452229571719496e-05
PINOSi150,9.888589790179572e-05
PINOSi160,0.00020128253774093333
PINOSi170,7.314045702795542e-05
PINOSi180,0.0
PMANM,0.0
PMPK,1.3197464066124276e-05
PNP,0.007884365730509657
PNTK,0.0018061011896666201
POR_1,0.0
POX3,0.0
PPA,0.0
PPAKr,0.0
PPBNGS,0.006388012152894706
PPC,0.0
PPCDC,0.0018061011896666201
PPCOAC,0.0
PPDK,-0.7412904244996197
PPGPPDP,0.0
PPK2r,9.130164209455611e-05
PPM,-0.010383523539255484
PPM2,-0.012521646243185967
PPNCL2,0.0
PPNCL3,0.0018061011896666201
PPND,0.020129748765034986
PPNDH,0.026786960981918396
PPPGO,7.434639688343235e-05
PPPNDO,0.0
PPS,0.0
PPTRIAT,0.0
PPTSERDC,0.0
PPTT,0.016024196449340694
PRAGSr,0.1878015681566016
PRAIS,0.1878015681566016
PRAIi,0.015236620008063674
PRAMPC,0.023615590765186247
PRASCSi,0.18778837069253548
PRATPP,0.023615590765186247
PRMICI,0.023615590765186247
PROD2,0.0
PROTRS,0.0
PRPPS,0.4052637697023273
PSCVT,0.09025049962795001
PSD120,0.0
PSD140,0.00020420815602205155
PSD141,0.0
PSD150,0.00012755695705675426
PSD160,0.0023387392539259023
PSD161,0.0006003368712854581
PSD170,0.0
PSD180,0.0
PSD181,0.0
PSDai150,0.002210597173212925
PSDai170,0.0020315493344084897
PSDi140,0.00044703447335486357
PSDi150,0.0012779100651924373
PSDi160,0.002593853168039411
PSDi170,0.0009455598284574077
PSDi180,0.0
PSERT,13.369578268194342
PSP_L,13.369578268194342
PSSA120,0.0
PSSA140,0.00020420815602205155
PSSA141,0.0
PSSA150,0.00012755695705675426
PSSA160,0.0023387392539259023
PSSA161,0.0006003368712854581
PSSA170,0.0
PSSA180,0.0
PSSA181,0.0
PSSAai150,0.002210597173212925
PSSAai170,0.0020315493344084897
PSSAi140,0.00044703447335486357
PSSAi150,0.0012779100651924373
PSSAi160,0.002593853168039411
PSSAi170,0.0009455598284574077
PSSAi180,0.0
PTA2,0.0
PTAr,0.0
PTLACS,0.0
PTPATi,0.0018061011896666201
PTRCTA,0.0
PU5PG,0.0
PUNP1,-0.022900733491904697
PUNP2,0.0
PUNP3,0.0
PUNP4,0.0
PUNP5,0.0
PUNP6,0.0
PUNP7,0.0
PUTA3,0.0
PYACOADH,0.0
PYAM5PO,0.0
PYDXOR,0.0
PYDXPS,0.00010410520091531063
PYK,0.0
PYRS,0.0
RBFK,0.00011698190019309243
RBFSa,0.007562871644049808
RBFSb,0.003781435822024904
RBK,0.0
REDS10,0.0
REDS11,0.0
REDS13x,0.0
REDS13y,0.0
REDS14,0.0
REDS15,0.0
REDS17x,0.0
REDS17y,0.0
REDS18,0.0
REDS19,0.0
REDS21x,0.0
REDS21y,0.0
REDS23,0.0
REDS24,0.0
REDS25,0.0
REDS26,0.0
REDS3,0.0
REDS32,0.0
REDS34,0.0
REDS5x,0.0
REDS5y,0.0
REDS6,0.0
REDS7,0.0
REDS9x,0.0
REDS9y,0.0
REPHACCOAI,0.0
RIB1MPTS,0.0
RNDR1,0.012521646243185967
RNDR2,0.008542805380865194
RNDR3,0.008542805380865194
RNDR4,0.0
RNDR5,0.0
RNDR6,0.0
RNDR7,0.0
RNDR8,0.0
RPE,-0.312291534503503
RPI,-0.30462455765853785
RZ5PP,4.43629053675642e-06
S2FE2SR,9.646348596502983e-06
S2FE2SS,0.0001122413453551004
S2FE2SS2,0.00012188769395160338
S2FE2ST,0.0
S4FE4SR,0.00012188769395160338
S4FE4ST,0.00012188769395160338
S6PGB,0.0
SADT,0.0
SADT2,0.055385357725877216
SAMP1MET,0.0
SBP_1,0.11102273558304487
SBTD_D2,0.0
SCB15,0.0
SCB25,0.0
SCB35,0.0
SCYSDS,0.0004779044272099106
SDPDS,0.10384365064097865
SDPTA,-0.10384365064097865
SERD_L,0.0
SERTRS,0.0
SHCHD2,0.0015182203508034876
SHCHF,0.0015182203508034876
SHK3Dr,0.09025049962795001
SHKK,0.09025049962795001
SHSL1,0.0
SHSL2,0.04260588786092467
SHSL4r,0.0
SLD,0.0
SORB6PP,0.0
SORBDH,0.0
SPMS,0.015983822917061265
SPODM,0.0
SPRMS,0.006682697277730232
SQLCYC1,0.0
SQLCYC2,0.0
SSALx,0.0
SSALy,0.0
STRP6K,0.0
SUCD9,0.0
SUCOAGCT,0.0
SUCOAICT,0.0
SUCOAS,0.0
SUCOMALT,-0.16009096068476453
SUCR,0.0
SULFPDH,0.0
SULR_syn,-0.028619341245232223
SULRi,0.026766016480644993
TALA,0.0
TALAb,0.0
TAUDO,0.0
TBFORMD,0.0
TCLBZRED,0.0
TDP,0.0
TDPGDH,0.0
THCHDH,0.0
THDPLOR,-0.10384365064097865
THDPS,0.10384365064097865
THFAT,0.0
THFGLUS,0.0
THIORDXi,0.0
THPAT,0.0
THRA2i,0.0
THRAi,0.012521646243185967
THRD_L,0.0
THRPDC,4.43629053675642e-06
THRS,0.07561996638431819
THRTRS,0.0
THYDNAPS,0.0
TKT1,-0.11102273558304487
TKT2,0.0
TKT2h,0.20126879892045813
TMDPP,0.0
TMDSf,0.012521646243185967
TMETMO,0.0
TMPK,1.3197464066124276e-05
TMPPP,1.3197464066124276e-05
TPI,-1.0657782151724784
TRDR,0.08499261473079357
TRE6PH,0.0
TRE6PP,0.0
TRE6PS,-1.233743280050632
TRPO2,0.0
TRPS1,0.015236620008063674
TRPS2,0.0
TRPS3,0.0
TRPTRS,0.0
TRSARr,0.0
TRYP2MO,0.0
TRYPYRAT,0.0
TYRL,1.3197464066124276e-05
TYRTA,-0.020129748765034986
TYRTRS,0.0
UAAGDS,0.07018675281133846
UAAGLS2,0.0
UACMAMO,0.0
UAGCVT,0.07018675281133846
UAGDP,0.20432711166136178
UAGPT3,0.07018675281133846
UAMAGS,0.0
UAMAGS2,0.07018675281133846
UAMAS,0.07018675281133846
UAPGR,0.07018675281133846
UDCPDP,0.07018675281133846
UDCPDPS,0.0014924163975640198
UDPAGACA,0.0
UDPAMALA,0.0
UDPG4E,0.09739383257842543
UDPGD,0.0
UGLT,0.0
UGMDDS,0.07018675281133846
UM4PCP,0.0
UMPK,0.24711936959852498
UPP1S,0.0
UPP3MT,0.001522656641340244
UPP3MT1,0.0
UPP3S,0.0015970030382236764
UPPDC1,7.434639688343235e-05
UPPDC2,0.0
UPPRT,0.0
URCN,0.0
UREA,0.0
URECARB,0.0
URGLYUS,0.0
URHYD,0.0
URIK1,0.0
URIK2,0.0
URO,0.0
URO3MET,0.0
VALDHr,0.0
VALTA,0.0
VALTRS,0.0
VNDH,0.0
VNDH_2,0.0
VNDH_4,0.0
VPAMTr,-0.08590200397019308
WCOS,0.0
XAND,0.0
XPPT,0.0
XYLI1,0.0
XYLI2,0.0
XYLK,0.0
ZCARDS,0.0
ZCAROTDH2,0.0
r0120,0.0
r0163,0.0
r0686,0.0
r0708,0.0
r0775,0.0
r0777,0.0
14GLUCANabc,0.0
5DGLCNt2r,0.0
ABTabc,0.0
ABUTt2r,0.0
ACt4,0.0
ADEt,0.0
AKGt2r,0.0
ALAALAabc,0.0
ALAabc,0.0
ALAt2r,0.0
ALAt4,0.0
ARBabc,0.0
ARBt2r,0.0
ARGabc,0.0
ARGt3,0.0
ASNabc,0.0
ASNt2r,0.0
ASO3t8,0.0
ASPabc,0.0
ASPt2_2,0.0
ASPt2r,0.0
BALAt2,0.0
CA2abc1,0.0
CBIabc,0.0
CBL1abc,0.0
CD2abc,0.0
CELLBabc,0.0
CELLUL_DEGe,0.0
CHLabc,0.0
CITt7,0.0
COBALT2t,2.0731984362584888e-05
COBALT2t3,0.0
COELICHELINabc,0.0
CPKSt,0.0
CU1abc,0.0
CU2abc,0.0
CYO2a,50.549292023168775
CYSabc,0.0
CYSabc2,0.0
DALAt2r,0.0
D_LACt2,0.0
ENTERt,0.0
FE2t2,0.0
FE2t3,0.0
FRUpts,0.0
FUMt2_2,0.0
GALabc,0.0
GALt4,0.0
GLCNt2r,0.0
GLCt2,0.0
GLNabc,0.0
GLUabc,0.0
GLUt2r,9.6
GLYALDt,0.0
GLYBabc,0.0
GLYBt2r,0.0
GLYCAt3,0.0
GLYCLTt2r,0.0
GLYCLTt4,0.0
GLYCt,0.0
GLYt2r,0.0
GLYt4,0.0
GSNt2,0.0
GUAt2r,0.0
HISt2r,0.0
HOMt2,0.0
IDONt2r,0.0
ILEabc,0.0
INOSTt4,0.0
INSt2,0.0
Kabc,0.0
Kt2,0.12608244544307068
LALADGLUt,0.0
LEUabc,0.0
LYSabc,0.0
LYSt2r,0.0
LYSt3r,0.0
L_LACt2r,0.0
MALTHXabc,0.0
MALTPTabc,0.0
MALTTRabc,0.0
MALTTTRabc,0.0
MALTabc,0.0
METabc,0.0
MG2t,0.0056036122309225875
MG2uabc,0.0
MN2t3,0.0
MNLabc,0.0
MNt2,0.00044677116770956287
MOBDabc,2.1814521638964247e-05
NADH17b,50.39220782030967
NAt3_2,0.0
NH4t,-6.006939916507124
NI2t,0.00020845030252967297
NI2t3,0.0
NMNP,0.0
NO3R2,0.0
NO3t7,0.0
Niabc,0.0
ORNabc,0.0
OROTt2_2,0.0
PHEt2r,0.0
PIt2r,0.5327740732116979
PPA_1,0.0
PROabc,0.0
PROt2r,0.0
PTRCabc,0.0
PTRCt2,0.0
Piabc,0.0
RIBabc,0.0
SBTabc,0.0
SKMt2,0.0
SO4t2,0.058186812767144776
SUCCt2_2,0.0
SUCD3,-0.013641422182861213
SULabc,0.0
TAURabc,0.0
THMabc,0.0
THRabc,0.0
THRt2,0.0
TREabc,0.0
TRPt2r,0.0
TUNGSabc,0.0
TYRt2r,0.0
URAt2,0.0
UREAt,0.0
VALabc,0.0
XANt2,0.0
XYLTabc,0.0
ZN2t3,0.0
ZNabc,0.00021998894103040319
tcaABC,0.0
ACTabc,0.0
ACTdiff,0.0
AMEt,0.0
ASCpts,0.0
ASO3abc,0.0
BTNt,0.0
CATECHOLt,0.0
CHLNAt1,0.0
CITt2,0.0
COBALTabc,0.0
Cyt,0.0
DESabc,0.0
ENTBACTINt,0.0
FBae1,0.0
FENTEROabc,0.0
FEt,0.0
FICYTabc,0.0
FUCOSEt,0.0
FUSt,0.0
GTHOXabc,0.0
HEMabc,0.0
HISpep,0.0
INDIGt,0.0
LPSabc,0.0
MELIBabc,0.0
MMYAt,0.0
MMYBt,0.0
OMYCINabc,0.0
OXOFORMATEt,0.0
SERabc,0.0
SUFBCD4abc,0.0
SUFBCDabc,0.0
TELUt,0.0
TELt,0.0
TPPt,0.0
XYLBabc,0.0
DM_2hymeph_c,-0.0
DM_33biflav_c,0.0
DM_38biflav_c,-0.0
DM_4crsol_c,1.3197464066124276e-05
DM_5drib_c,0.00023421329711319997
DM_aacald_c,-0.0
DM_acetone_c,-0.0
DM_aconm_c,-0.0
DM_ahop_c,-0.0
DM_albflon_c,0.0
DM_amob_c,9.646348596502983e-06
DM_dalua_c,4.43629053675642e-06
DM_ectoine__L_c,0.0
DM_geosmin_c,-0.0
DM_grmcrnd_c,0.0
DM_mmyA_c,-0.0
DM_mmyB_c,-0.0
DM_msh_c,0.0
EX_14glucan_e,0.0
EX_15dap_e,-0.0
EX_1Dgali_e,-0.0
EX_23camp_e,0.0
EX_23ccmp_e,0.0
EX_23cgmp_e,0.0
EX_23cump_e,0.0
EX_26dap__M_e,0.0
EX_2ddglcn_e,0.0
EX_3amp_e,0.0
EX_3cmp_e,0.0
EX_3gmp_e,0.0
EX_3ump_e,0.0
EX_4abut_e,0.0
EX_5dglcn_e,0.0
EX_5mtr_e,0.022666520194791498
EX_LalaDglu_e,-0.0
EX_abt__D_e,0.0
EX_ac_e,0.0
EX_ade_e,0.0
EX_adn_e,0.0
EX_akg_e,0.0
EX_ala_B_e,0.0
EX_ala__D_e,0.0
EX_ala__L_e,0.0
EX_alaala_e,0.0
EX_amp_e,0.0
EX_arab__L_e,0.0
EX_arg__L_e,0.0
EX_asn__L_e,0.0
EX_aso3_e,-0.0
EX_asp__L_e,0.0
EX_bhb_e,0.0
EX_btn_e,-0.0
EX_ca2_e,-0.003362296065757922
EX_cbi_e,0.0
EX_cbl1_e,0.0
EX_cd2_e,-0.0
EX_cellb_e,0.0
EX_chol_e,-0.0
EX_cit_e,0.0
EX_cl_e,-0.003362296065757922
EX_cmp_e,0.0
EX_co2_e,30.692098253488858
EX_cobalt2_e,-2.0731984362584888e-05
EX_csn_e,0.0
EX_cu2_e,-0.0004576369140056359
EX_cu_e,-0.0
EX_cys__L_e,0.0
EX_cytd_e,0.0
EX_dad_2_e,0.0
EX_damp_e,0.0
EX_dcmp_e,0.0
EX_dcyt_e,0.0
EX_desferrioxamB_e,-0.0
EX_desferrioxamE_e,-0.0
EX_dgmp_e,0.0
EX_dgsn_e,0.0
EX_dha_e,0.0
EX_dimp_e,0.0
EX_din_e,0.0
EX_drib_e,0.0
EX_dtmp_e,0.0
EX_dump_e,0.0
EX_duri_e,0.0
EX_epm_e,-0.0
EX_etha_e,0.0
EX_fe2_e,-0.011392165080991438
EX_ferricoelichelin_e,-0.0
EX_for_e,-0.0
EX_fru_e,0.0
EX_fum_e,0.0
EX_g3pc_e,0.0
EX_g3pe_e,0.0
EX_g3pg_e,0.0
EX_g3pi_e,0.0
EX_g3ps_e,0.0
EX_gal_e,0.0
EX_ggl_e,-0.0
EX_glc__D_e,0.0
EX_glcn_e,0.0
EX_gln__L_e,0.0
EX_glu__L_e,-9.6
EX_gly_e,0.0
EX_glyald_e,0.0
EX_glyb_e,-0.0
EX_glyc3p_e,0.0
EX_glyc__R_e,0.0
EX_glyc_e,0.0
EX_glyclt_e,0.0
EX_gmp_e,0.0
EX_gsn_e,0.0
EX_gua_e,0.0
EX_h2o_e,21.198188614715352
EX_h_e,-15.908353505412784
EX_his__L_e,0.0
EX_hom__L_e,0.0
EX_idon__L_e,0.0
EX_ile__L_e,0.0
EX_imp_e,0.0
EX_indole_e,0.0
EX_inost_e,0.0
EX_ins_e,0.0
EX_k_e,-0.12608244544307068
EX_lac__D_e,0.0
EX_lac__L_e,0.0
EX_leu__L_e,0.0
EX_lipoate_e,0.0
EX_lys__L_e,0.0
EX_lyx__D_e,-0.0
EX_lyx__L_e,0.0
EX_mal__L_e,0.0
EX_malt_e,0.0
EX_malthp_e,0.0
EX_malthx_e,0.0
EX_maltpt_e,0.0
EX_malttr_e,0.0
EX_maltttr_e,0.0
EX_man_e,0.0
EX_melib_e,-0.0
EX_melt_e,-0.0
EX_meoh_e,0.0
EX_met__L_e,0.0
EX_mg2_e,-0.0056036122309225875
EX_mn2_e,-0.00044677116770956287
EX_mnl_e,0.0
EX_mobd_e,-2.1814521638964247e-05
EX_na1_e,0.0
EX_nac_e,0.0
EX_nh4_e,6.006939916507124
EX_ni2_e,-0.00020845030252967297
EX_nmn_e,0.0
EX_no2_e,-0.0
EX_no3_e,0.0
EX_o2_e,-25.276036918448092
EX_orn_e,0.0
EX_orot_e,0.0
EX_pacald_e,-0.0
EX_phe__L_e,0.0
EX_pi_e,-0.5327740732116979
EX_ppa_e,0.0
EX_pro__L_e,0.0
EX_ptrc_e,0.0
EX_pydx_e,-0.0
EX_pydxn_e,-0.0
EX_pyr_e,0.0
EX_raffin_e,-0.0
EX_rib__D_e,0.0
EX_rmn_e,-0.0
EX_sbt__D_e,0.0
EX_ser__D_e,0.0
EX_ser__L_e,0.0
EX_skm_e,0.0
EX_so4_e,-0.058186812767144776
EX_succ_e,0.0
EX_tartr__D_e,0.0
EX_taur_e,0.0
EX_thm_e,-0.0
EX_thr__L_e,0.0
EX_thym_e,0.0
EX_thymd_e,0.0
EX_tre_e,0.0
EX_trp__L_e,0.0
EX_tungs_e,0.0
EX_tyr__L_e,0.0
EX_ump_e,0.0
EX_ura_e,0.0
EX_urea_e,0.0
EX_uri_e,0.0
EX_val__L_e,0.0
EX_vanlt_e,-0.0
EX_xan_e,0.0
EX_xmp_e,0.0
EX_xtsn_e,0.0
EX_xyl__D_e,0.0
EX_xylt_e,-0.0
EX_zn2_e,-0.00021998894103040319
EX_TPP_e,-0.0
EX_act_e,-0.0
EX_ascb__L_e,-0.0
EX_catechol_e,-0.0
EX_cy_e,0.0
EX_des_e,-0.0
EX_entbactin_e,-0.0
EX_fb_e,-0.0
EX_fentero_e,-0.0
EX_ficytc_e,-0.0
EX_fucose_e,-0.0
EX_fus_e,0.0
EX_gthox_e,-0.0
EX_hemeO_e,0.0
EX_indig_e,0.0
EX_lps_e,-0.0
EX_mmyA_e,-0.0
EX_mmyB_e,0.0
EX_omycin_e,-0.0
EX_oxformate_e,-0.0
EX_sufbcd_2fe2s2_e,-0.0
EX_sufbcd_4fe4s_e,-0.0
EX_tel_e,-0.0
EX_telu_e,0.0
EX_xylb_e,-0.0
BIOMASS_SALB,0.5851236562236434
CARBOHYDRATE_PSEUDO,0.5851236562236434
CELL_WALL_PSEUDO,0.5851236562236434
DNA_PSEUDO,0.5851236562236434
LIPID_PSEUDO,0.5851236562236434
MISC_PSEUDO,0.5851236562236434
PROTEIN_PSEUDO,0.5851236562236434
RNA_PSEUDO,0.5851236562236434
ATPM,6.86
PSEUDO_ACCEPTOR_NAD,0.0
PSEUDO_ACCEPTOR_NADP,0.0
PSEUDO_DONOR_NADH,0.0037235514111020884
PSEUDO_DONOR_NADPH,-0.0037235514111020884
2HXMPt6,0.0
5MTRt2,0.022666520194791498
ACCt,0.0
ACt2r,0.0
ADNt2,0.0
ARGORNt7,0.0
BHBt,0.0
BTNt2i,0.0
CADVt,0.0
CITt3,0.0
CU2t,0.0004576369140056359
CUt3,0.0
CYTDt2,0.0
DADNt2,0.0
DAPabc,0.0
DCYTt2,0.0
DDGLCNt2r,0.0
DGSNt2,0.0
DHAt,0.0
DINSt2,0.0
DRIBt,0.0
DSERt2,0.0
DURIt2,0.0
EPMt2,0.0
ETHAt2,0.0
FEOXAMBUt,0.0
FEOXAMEUt,0.0
GALIt2,0.0
GALt2,0.0
GGLt2,0.0
GLUt4,0.0
GLYCLTt,0.0
GLYabc,0.0
GUAt,0.0
HISabc,0.0
ILEt2r,0.0
INDOLEt2r,0.0
LEUt2r,0.0
LIPOt2,0.0
LYXDabc,0.0
LYXabc,0.0
LYXt2,0.0
MALt2_3,0.0
MALt3,0.0
MANt2,0.0
MELIBt2,0.0
MELTt2,0.0
NACt,0.0
NADH8,0.0
NO3t,0.0
PACALDt2r,0.0
PPAt6,0.0
PYDXNt,0.0
PYDXt,0.0
PYRt2,0.0
RAFFINt2,0.0
RMNt,0.0
SERt2r,0.0
SERt4,0.0
SUCCt2_3,0.0
SUCCt2b,0.0
TARTRt7,0.0
TARTt2_3,0.0
THMDt2,0.0
THYMabc,0.0
THYMt3r,0.0
URIt2,0.0
VALt2r,0.0
VANK,0.0
XANt,0.0
XTSNt2,0.0
XYLabc,0.0
XYLt2,0.0
growth,0.5851236562236434
3HAD100,0.0213277572693518
3HAD110,0.0008653978875549084
3HAD120,0.01725295612741035
3HAD121,0.004074801141941452
3HAD130,0.0008653978875549084
3HAD140,0.01725295612741035
3HAD141,0.004074801141941452
3HAD150,0.0008653978875549084
3HAD160,0.015865042814847866
3HAD161,0.004074801141941452
3HAD50,0.0008653978875549084
3HAD60,0.021352496882660593
3HAD70,0.0008653978875549084
3HAD80,0.021352496882660593
3HAD90,0.0008653978875549084
3HADai110,0.028780477278672344
3HADai130,0.028780477278672344
3HADai150,0.028780477278672344
3HADai170,0.013783172846004143
3HADai70,0.028780477278672344
3HADai90,0.028780477278672344
3HADi100,0.020630289871133224
3HADi110,0.01508156223916439
3HADi120,0.020630289871133224
3HADi130,0.01508156223916439
3HADi140,0.020630289871133224
3HADi150,0.01508156223916439
3HADi160,0.017597008837269855
3HADi170,0.006412955272211132
3HADi60,0.020630289871133224
3HADi70,0.01508156223916439
3HADi80,0.020630289871133224
3HADi90,0.01508156223916439
5DOAN,0.00023421329711319997
ACPPAT140,0.0005874641508485382
ACPPAT150,0.00036628740879600076
ACPPAT160,0.006715464202478755
ACPPAT161,0.0017249445385473005
ACPPATai150,0.006348006546370306
ACPPATai170,0.005834267976205948
ACPPATi140,0.0012837613017546738
ACPPATi150,0.0036693104481784673
ACPPATi160,0.007448624143726981
ACPPATi170,0.0027143886412214816
ADMDC,0.022666520194791498
APG3PAT140,0.0005874641508485382
APG3PAT150,0.00036628740879600076
APG3PAT160,0.006715464202478755
APG3PAT161,0.0017249445385473005
APG3PATai150,0.006348006546370306
APG3PATai170,0.005834267976205948
APG3PATi140,0.0012837613017546738
APG3PATi150,0.0036693104481784673
APG3PATi160,0.007448624143726981
APG3PATi170,0.0027143886412214816
ASNS1,0.0
CYRDAR,2.21814526837821e-06
DHFR,0.01207297342359226
DMBZIDS,4.43629053675642e-06
FERO,0.0012608683387049235
G3PCT,0.1551747936305102
G5SADs,0.06710198089572743
GCALDD,0.01207297342359226
GLCS1,0.09022021655312357
GLGC,0.09022021655312357
HSST,0.04260588786092467
ICHORS,0.016024196449340694
KHK,0.0
LTHRK,4.43629053675642e-06
MALACPMT,9.646348596502983e-06
MCOATA,0.49210421980161967
MTAN,0.022666520194791498
NPHS,0.016024196449340694
OGMEACPD,9.646348596502983e-06
OPMEACPD,9.646348596502983e-06
ORNDC,0.03127954041440353
PAPA140,0.00021298501086540618
PAPA150,0.00013282306996276704
PAPA160,0.0024341144098903563
PAPA161,0.0006249120648468511
PAPAai150,0.002301291339927589
PAPAai170,0.002114636893592247
PAPAi140,0.00046575843035402014
PAPAi150,0.0013299860705963413
PAPAi160,0.0026997605498158906
PAPAi170,0.0009841779897681682
PC17M,4.43629053675642e-06
PC20M,4.43629053675642e-06
PC3BS,4.43629053675642e-06
PMDPHT,0.003781435822024904
PMEACPE,9.646348596502983e-06
PRFGS,0.1878015681566016
QULNS,0.007884365730509657
SEPHCHCS,0.016024196449340694
SHCHCS3,0.016024196449340694
SUCBZL,0.016024196449340694
SUCBZS,0.016024196449340694
T2DECAI,0.004074801141941452
TAGO,0.006206991745220408
TAGS140,0.00021298501086540618
TAGS150,0.00013282306996276704
TAGS160,0.0024341144098903563
TAGS161,0.0006249120648468511
TAGSai150,0.002301291339927589
TAGSai170,0.002114636893592247
TAGSi140,0.00046575843035402014
TAGSi150,0.0013299860705963413
TAGSi160,0.0026997605498158906
TAGSi170,0.0009841779897681682
TECA1S,0.002068997248406803
TECA2S,0.002068997248406803
TECA3S,0.002068997248406803
THZPSN3,1.3197464066124276e-05
UAG2E,0.006206991745220408
ATPS4r,115.02955795285598
CA2t4,-0.003362296065757922
CLt3_2,0.001681148032878961
CO2t,-30.692098253488858
FORti,0.0
H2Ot,-21.198188614715352
MEOHtr,0.0
O2t,25.276036918448092
AGT,0.0
ALAS,0.012776024305789412
CSNt2,0.0
CSNt2r,0.0
DNMPPA,0.01207297342359226
DNTPPA_1,0.01207297342359226
DPR,0.0018061011896666201
DURIK1,0.012521646243185967
FDH,0.023430478353733096
FNOR,0.0
FRD3,0.0
Fe2,0.011392165080991438
IDOND,0.0
IDOND2,0.0
MPL,0.0
MTFHSs,9.646348596502983e-06
MYCTR,0.0
NADTRHD,0.0
NAt3_1,0.0
PPCK,16.649052759929063
PRDX,9.646348596502983e-06
PYNP2r,0.012521646243185967
SERAT,0.012779469864952549
TREPP,-0.051281992602408774
VOR1b,0.01508156223916439
VOR2b,0.04198278675379381
VOR3b,0.028780477278672344
ACTCOAT,0.0
MNLDH2,0.0
PPAt4,0.0
TRE6PPP,-1.233743280050632
FEROc,0.0
PDE1,0.0
PDH,17.45616185586529
OPAH,0.0
ASP4DC,0.0
MCITL2,0.0
ASNN,-0.015792487481476134
SAGH,0.0
MMM2,0.0
G3PT,0.0035686691793080003
CYSSADS,0.0
PTRCAT1,0.0
P5CRx,0.06710198089572743
DHBD,0.0
RBK_Dr,0.0
GUAD,-0.12324116969435267
HSERTA,0.0
GLUKA,0.0
NTRLASE3,0.0
AHAL,0.0
RDH1,0.0
THMP,0.0
TRYPTAOX,0.0
COA1819ZD9DS,0.0
APENTAMAH,0.0
G1PTT,0.0
TYROXDAc,0.0
RAFH,0.0
RBK_L1,0.0
SPHPL,0.0
AACTOOR,0.0
41R2A1H12BOOX,0.0
AMID2,0.0
PEAMNO,0.0
5HOXINOXDA,0.0
NTRLASE,0.0
HPROa,0.0
NTRLASE2,0.0
SELNPS,0.0
GLNTRAT,0.0
FFSD,0.0
APRTO2,0.0
ECH_3hivcoa,0.0
ASNTRAT,0.0
42A12BOOX,0.0
MCITD,0.0
3OAR40_1,0.0
ACAS_2ahbut,0.0
DMT,0.0
AHSERL4,0.0
34DHOXPEGOX,0.0
3MOXTYROX,0.0
3HXKYNOXDA,0.0
BDG2HCGHD,0.0
GLNSP2,0.0
HMNO,0.0
3HOPCD,0.0
4OT2,0.0
GMHEPAT,0.0
RBP4E,0.0
SAGH_glycan,0.0
BLACT,0.0
ASPO2y,0.007518702648654847
ASPO2,0.0
SELCYSS,0.0
6TXAN5MPAML,0.0
DDMCITALOR,0.0
MSAR,0.0
LPPGS,0.0
FDMO2,0.0
KAS15,0.0
RE2034C,0.0
AOBUTDs,0.0
BATHORHODOPSINI,0.0
LUMIRHODOPSINI,0.0
FALGTHLs,0.0
CBMD,0.0
RE0691C,0.0
2AMACHYD,0.0
SELGTHR,0.0
TREH,0.0
SERD_D,0.0
ACALD,0.0
AGTi,0.0
GLYTA,4.442240375899338
GLYCLTDy,0.01207297342359226
NFORGLUAH,0.0
SPTc,10.676748584620762
SPT_syn,0.0
MCITS,0.0
GALO,0.0
BTCOARx,0.0
NBAH,0.0
LCGH,0.0
RBTDG,0.0
HEX10,0.0
LALDO2x,0.0
HKNDDH,0.0
PGMT_B,-1.285025272653041
ICHORT,0.0
3HPCOAHYD,0.0
HIBH,0.0
VNTDM,0.0
LACZ,0.0
HKNTDH,0.0
FADRx,0.0
ATHRDHr,0.0
r_0001,0.0
r_0002,0.0
r_0003,0.0
r_0004,0.0
r_0005,0.0
r_0006,0.0
r_0007,0.0
r_0008,0.0
r_0009,0.0
r_0010,0.0
r_0011,0.0
r_0012,0.0
r_0013,0.0
r_0014,0.0
r_0015,0.0
r_0016,0.0
r_0017,0.0
r_0018,0.0
r_0019,0.0
metylmalonyl_synthesis,0.0
ethylmalonyl_synthesis,0.0
GLYC3tr,0.0
PPYRDC,0.0
APTNAT,0.0
DAPAT,0.0
NP1_2,0.007879929439972901
HOMt4,0.0
FBA4,0.0
EX_citr__L_e,0.0
ACGApts,0.0
OCBT2i,0.0
CPS,0.2549424728822351
GERDPM,0.0
ALLTNt2r,0.0
EX_h2s_e,0.0
ETHAAL,0.0
DM_2mborn_c,-0.0
HMR_9726,0.0
PPRDNDH,0.0
MANpts,0.0
NO2t2r,0.0
NRRH,0.0
GAMpts,0.0
H2St1,0.0
MACACI,0.0
ARAI,0.0
PHYCBOXL,0.0
2METBOD,0.0
KHK2,0.0
LYXI,0.0
SALCpts,0.0
ACONIs,0.0
ARGAGMt7,0.0
r1891,0.0
HEX4,0.0
GLY3Pt2,0.0
ARGDC,0.0
5DGLCNR,0.0
CITRLt,0.0
3HMPPYRAT,0.0
DHPDH_1,0.0
DHPDH_2,0.0
OSHSL,0.0
AHSERL,0.0
ARGJ,0.0
METGL,0.0
PTA_synthesis,0.0
deoxyfucose_synthesis,0.0
elaiophylin_synthesis,0.0
mepta_synthesis,0.0
